{
  "@context": "http://iiif.io/api/presentation/2/context.json",
  "@id": "http://ryanfb.github.io/iiif-universe/iiif-universe.json",
  "@type": "sc:Collection",
  "label": "IIIF Universe",
  "collections": [
    {
      "@id": "http://manifests.ydc2.yale.edu/manifest",
      "@type": "sc:Collection",
      "label": "Yale"
    },
    {
      "@id": "http://manifests.britishart.yale.edu/collection/top",
      "@type": "sc:Collection",
      "label": "Yale Center for British Art"
    },
    {
      "@id": "https://graph.global/static/data/universes/iiif/stanford.json",
      "@type": "sc:Collection",
      "label": "Stanford"
    },
    {
      "@id": "https://graph.global/static/data/universes/iiif/e-codices.json",
      "@type": "sc:Collection",
      "label": "e-codices"
    },
    {
      "@id": "http://showcase.iiif.io/shims/chroniclingamerica/prezi/top.json",
      "@type": "sc:Collection",
      "label": "Chronicling America Newspapers by State"
    },
    {
      "@id": "http://scta.info/iiif/collection/scta",
      "@type": "sc:Collection",
      "label": "Sentences Commentary Text Archive"
    },
    {
      "@id": "http://digital.library.villanova.edu/Collection/vudl:3/IIIF",
      "@type": "sc:Collection",
      "label": "Digital Library @ Villanova University"
    },
    {
      "@id": "http://wellcomelibrary.org/service/collections/",
      "@type": "sc:Collection",
      "label": "Wellcome Library"
    },
    {
      "@id": "https://iiif.archivelab.org/iiif/collection.json",
      "@type": "sc:Collection",
      "label": "The Internet Archive Universal Collection"
    },
    {
      "@id": "http://iiif.bodleian.ox.ac.uk/iiif/collection/All",
      "@type": "sc:Collection",
      "label": "Bodleian Library, Oxford"
    },
    {
      "@id": "http://biblissima.fr/iiif/collection/top",
      "@type": "sc:Collection",
      "label": "Biblissima IIIF Collections",
      "description": "Collections of IIIF Manifests from Biblissima's image repositories"
    },
    {
      "@id": "https://labs2.artstor.org/iiif/ssc/manifest.json",
      "@type": "sc:Collection",
      "label": "Shared Shelf Commons",
      "description": "IIIF Manifests showcasing collections from Shared Shelf Commons"
    }
  ]
}