<?xml version="1.0" encoding="UTF-8"?>
<project-private xmlns="http://www.netbeans.org/ns/project-private/1">
    <editor-bookmarks xmlns="http://www.netbeans.org/ns/editor-bookmarks/2" lastBookmarkId="0"/>
    <open-files xmlns="http://www.netbeans.org/ns/projectui-open-files/2">
        <group>
            <file>file:/C:/Users/StephanP/aezel_websites/mirador-2.7.0/js/src/workspaces/window.js</file>
            <file>file:/C:/Users/StephanP/aezel_websites/mirador-2.7.0/css/less/panels/annotation-list.less</file>
            <file>file:/C:/Users/StephanP/aezel_websites/mirador-2.7.0/js/src/utils/LibisBlobAPI.js</file>
            <file>file:/C:/Users/StephanP/aezel_websites/mirador-2.7.0/index_server_test.html</file>
            <file>file:/C:/Users/StephanP/aezel_websites/mirador-2.7.0/js/src/settings.js</file>
            <file>file:/C:/Users/StephanP/aezel_websites/mirador-2.7.0/css/less/main.less</file>
            <file>file:/C:/Users/StephanP/aezel_websites/mirador-2.7.0/js/src/utils/saveController.js</file>
            <file>file:/C:/Users/StephanP/aezel_websites/mirador-2.7.0/css/mirador.css</file>
            <file>file:/C:/Users/StephanP/aezel_websites/mirador-2.7.0/Gruntfile.js</file>
        </group>
    </open-files>
</project-private>
