{
  "@context": "http://iiif.io/api/presentation/2/context.json",
  "@id": "http://wellcomelibrary.org/service/collections/authors/A.%20%26%20G.%20Way%20(Firm)%2C/",
  "@type": "sc:Collection",
  "label": " Author: A. & G. Way (Firm)",
  "manifests": [
    {
      "@id": "http://wellcomelibrary.org/iiif/b21153577/manifest",
      "@type": "sc:Manifest",
      "label": "A practical narrative of the autumnal epidemic fever which prevailed in Philadelphia in the year 1803",
      "thumbnail": {
        "@id": "https://dlcs.io/iiif-img/2/1/9b9fd335-eefa-4fa8-9f44-9516ed6d6fea/full/!1024,1024/0/default.jpg",
        "@type": "dctypes:Image",
        "service": {
          "@context": "http://iiif.io/api/image/2/context.json",
          "@id": "https://dlcs.io/iiif-img/2/1/9b9fd335-eefa-4fa8-9f44-9516ed6d6fea",
          "profile": "http://iiif.io/api/image/2/level1.json"
        }
      },
      "related": {
        "@id": "http://wellcomelibrary.org/item/b21153577",
        "format": "text/html"
      },
      "seeAlso": {
        "@id": "http://wellcomelibrary.org/resource/b21153577",
        "format": "text/turtle"
      }
    },
    {
      "@id": "http://wellcomelibrary.org/iiif/b2115658x/manifest",
      "@type": "sc:Manifest",
      "label": "Observations on the disease of gonorrhoea :",
      "thumbnail": {
        "@id": "https://dlcs.io/iiif-img/2/1/9e2ea00c-1e74-4092-aa43-1a918694b762/full/!1024,1024/0/default.jpg",
        "@type": "dctypes:Image",
        "service": {
          "@context": "http://iiif.io/api/image/2/context.json",
          "@id": "https://dlcs.io/iiif-img/2/1/9e2ea00c-1e74-4092-aa43-1a918694b762",
          "profile": "http://iiif.io/api/image/2/level1.json"
        }
      },
      "related": {
        "@id": "http://wellcomelibrary.org/item/b2115658x",
        "format": "text/html"
      },
      "seeAlso": {
        "@id": "http://wellcomelibrary.org/resource/b2115658x",
        "format": "text/turtle"
      }
    }
  ]
}