{
  "@context": "http://iiif.io/api/search/0/context.json",
  "@id": "http://wellcomelibrary.org/annoservices/search/b18035978?q=figures",
  "@type": "sc:AnnotationList",
  "within": {
    "@type": "sc:Layer",
    "total": 11
  },
  "startIndex": 0,
  "resources": [
    {
      "@id": "http://wellcomelibrary.org/iiif/b18035978/annos/searchResults/a25h0r1220,2462,126,44",
      "@type": "oa:Annotation",
      "motivation": "sc:painting",
      "resource": {
        "@type": "cnt:ContentAsText",
        "chars": "figures"
      },
      "on": "http://wellcomelibrary.org/iiif/b18035978/canvas/c25#xywh=1220,2462,126,44"
    },
    {
      "@id": "http://wellcomelibrary.org/iiif/b18035978/annos/searchResults/a26h1r1495,375,150,58",
      "@type": "oa:Annotation",
      "motivation": "sc:painting",
      "resource": {
        "@type": "cnt:ContentAsText",
        "chars": "figures"
      },
      "on": "http://wellcomelibrary.org/iiif/b18035978/canvas/c26#xywh=1495,375,150,58"
    },
    {
      "@id": "http://wellcomelibrary.org/iiif/b18035978/annos/searchResults/a27h2r708,893,145,56",
      "@type": "oa:Annotation",
      "motivation": "sc:painting",
      "resource": {
        "@type": "cnt:ContentAsText",
        "chars": "figures"
      },
      "on": "http://wellcomelibrary.org/iiif/b18035978/canvas/c27#xywh=708,893,145,56"
    },
    {
      "@id": "http://wellcomelibrary.org/iiif/b18035978/annos/searchResults/a29h3r520,370,145,56",
      "@type": "oa:Annotation",
      "motivation": "sc:painting",
      "resource": {
        "@type": "cnt:ContentAsText",
        "chars": "figures"
      },
      "on": "http://wellcomelibrary.org/iiif/b18035978/canvas/c29#xywh=520,370,145,56"
    },
    {
      "@id": "http://wellcomelibrary.org/iiif/b18035978/annos/searchResults/a32h4r1424,1867,148,58",
      "@type": "oa:Annotation",
      "motivation": "sc:painting",
      "resource": {
        "@type": "cnt:ContentAsText",
        "chars": "figures"
      },
      "on": "http://wellcomelibrary.org/iiif/b18035978/canvas/c32#xywh=1424,1867,148,58"
    },
    {
      "@id": "http://wellcomelibrary.org/iiif/b18035978/annos/searchResults/a33h5r316,1061,127,44",
      "@type": "oa:Annotation",
      "motivation": "sc:painting",
      "resource": {
        "@type": "cnt:ContentAsText",
        "chars": "figures"
      },
      "on": "http://wellcomelibrary.org/iiif/b18035978/canvas/c33#xywh=316,1061,127,44"
    },
    {
      "@id": "http://wellcomelibrary.org/iiif/b18035978/annos/searchResults/a48h6r1100,631,160,58",
      "@type": "oa:Annotation",
      "motivation": "sc:painting",
      "resource": {
        "@type": "cnt:ContentAsText",
        "chars": "figures,"
      },
      "on": "http://wellcomelibrary.org/iiif/b18035978/canvas/c48#xywh=1100,631,160,58"
    },
    {
      "@id": "http://wellcomelibrary.org/iiif/b18035978/annos/searchResults/a48h7r1321,2670,128,46",
      "@type": "oa:Annotation",
      "motivation": "sc:painting",
      "resource": {
        "@type": "cnt:ContentAsText",
        "chars": "figures"
      },
      "on": "http://wellcomelibrary.org/iiif/b18035978/canvas/c48#xywh=1321,2670,128,46"
    },
    {
      "@id": "http://wellcomelibrary.org/iiif/b18035978/annos/searchResults/a51h8r512,2025,146,57",
      "@type": "oa:Annotation",
      "motivation": "sc:painting",
      "resource": {
        "@type": "cnt:ContentAsText",
        "chars": "figures"
      },
      "on": "http://wellcomelibrary.org/iiif/b18035978/canvas/c51#xywh=512,2025,146,57"
    },
    {
      "@id": "http://wellcomelibrary.org/iiif/b18035978/annos/searchResults/a55h9r979,383,145,57",
      "@type": "oa:Annotation",
      "motivation": "sc:painting",
      "resource": {
        "@type": "cnt:ContentAsText",
        "chars": "figures"
      },
      "on": "http://wellcomelibrary.org/iiif/b18035978/canvas/c55#xywh=979,383,145,57"
    },
    {
      "@id": "http://wellcomelibrary.org/iiif/b18035978/annos/searchResults/a56h10r1340,2244,128,45",
      "@type": "oa:Annotation",
      "motivation": "sc:painting",
      "resource": {
        "@type": "cnt:ContentAsText",
        "chars": "figures"
      },
      "on": "http://wellcomelibrary.org/iiif/b18035978/canvas/c56#xywh=1340,2244,128,45"
    }
  ],
  "hits": [
    {
      "@type": "search:Hit",
      "annotations": [
        "http://wellcomelibrary.org/iiif/b18035978/annos/searchResults/a25h0r1220,2462,126,44"
      ],
      "match": "figures",
      "before": "anted or unplanned.f *Griselda Rowntree to the International Congress on Mental Health, London, 1968, reported in The Times, August 13th, 1968. Other ",
      "after": " given here come from the Family Plaruiing Association, or the Registrar General's Statistical Reviews. f E.g. A. C. Fraser and P. C. Watson, 'Family "
    },
    {
      "@type": "search:Hit",
      "annotations": [
        "http://wellcomelibrary.org/iiif/b18035978/annos/searchResults/a26h1r1495,375,150,58"
      ],
      "match": "figures",
      "before": " just cited found that less than 20 per cent of women having babies in two city hospitals had ever received any expert contraceptive advice. National ",
      "after": " confirm that this must be a general rule. The Family Planning Association estimate that of the ten million British women of child-bearing age, of who"
    },
    {
      "@type": "search:Hit",
      "annotations": [
        "http://wellcomelibrary.org/iiif/b18035978/annos/searchResults/a27h2r708,893,145,56"
      ],
      "match": "figures",
      "before": "to these overall patterns of 'open' birth-control, with their stench of failure and sexual frustration, there are the 'closed' methods enjoyed—as the ",
      "after": " hint—by the few. These are the effective, sexually silent methods: medical abortion, sterihzation, LU.D.s, the diaphragm and oral contraceptives. I c"
    },
    {
      "@type": "search:Hit",
      "annotations": [
        "http://wellcomelibrary.org/iiif/b18035978/annos/searchResults/a29h3r520,370,145,56"
      ],
      "match": "figures",
      "before": "e (Longmans, London, 1965). 24 BIRTH-CONTROL cent), dislike of the results (21 per cent), or 'don't care' (20 per cent) as their reason. Surely, what ",
      "after": " like these demand is that those who wish to reduce sexual 'immorality' should ask themselves just what they mean by it. Effective contraception has b"
    },
    {
      "@type": "search:Hit",
      "annotations": [
        "http://wellcomelibrary.org/iiif/b18035978/annos/searchResults/a32h4r1424,1867,148,58"
      ],
      "match": "figures",
      "before": "traceptive known—because it is the most effective method of preventing pregnancy and therefore the risks of childbirth. Look at the rather surprising ",
      "after": " shown in Table 1.2, based on the best available data for the failure-rate and death risks of various contraceptives. Dr Malcolm Potts, Medical Secret"
    },
    {
      "@type": "search:Hit",
      "annotations": [
        "http://wellcomelibrary.org/iiif/b18035978/annos/searchResults/a33h5r316,1061,127,44"
      ],
      "match": "figures",
      "before": "000,000 women aged 20-34 use the method for a year: this is what happens After D. M. Potts, I.P.P.F. Medical Bulletin (October 1968). Note that these ",
      "after": " are for Britain, with a low maternal mortality rate. Where death in childbirth is more likely the pill is relatively much safer, and unprotected sex "
    },
    {
      "@type": "search:Hit",
      "annotations": [
        "http://wellcomelibrary.org/iiif/b18035978/annos/searchResults/a48h6r1100,631,160,58",
        "http://wellcomelibrary.org/iiif/b18035978/annos/searchResults/a48h7r1321,2670,128,46"
      ],
      "match": "figures, figures",
      "before": "ortions as births; and in other Soviet bloc countries abortion rates vary between 250 to 600 per 1,000 live births. These seem like staggeringly high ",
      "after": " such as that 12 per cent of urban women admit to at least one abortion. 44 BIRTH-CONTROL Uppsala, Sweden, tested such a drug—called F6103 —on fifty y"
    },
    {
      "@type": "search:Hit",
      "annotations": [
        "http://wellcomelibrary.org/iiif/b18035978/annos/searchResults/a51h8r512,2025,146,57"
      ],
      "match": "figures",
      "before": "y multiply forty times and the area they cover may increase a hundredfold to equal one-fifth of the entire land surface of the planet. Every year the ",
      "after": " tell the same seemingly relentless story: while the world's ability to produce food and other essentials slowly rises, the amount each person gets sl"
    },
    {
      "@type": "search:Hit",
      "annotations": [
        "http://wellcomelibrary.org/iiif/b18035978/annos/searchResults/a55h9r979,383,145,57"
      ],
      "match": "figures",
      "before": "te effects. Most predictions, therefore, are based on constantly revised estimates of what has been happening, and can give only hazy upper and lower ",
      "after": " for future population size, not which figure is most likely. Some of these estimates are pure guesswork. For example, the official population forecas"
    },
    {
      "@type": "search:Hit",
      "annotations": [
        "http://wellcomelibrary.org/iiif/b18035978/annos/searchResults/a56h10r1340,2244,128,45"
      ],
      "match": "figures",
      "before": " was due to imder- estimates by couples who thought they were more subfertile than they actually were. When these are excluded the 'expect' and 'had' ",
      "after": " were -91 and -92 respectively. If short-tenn predictions can be so accurate, hope for long-term forecasts rises. In fact the G.A.F. projections of Am"
    }
  ]
}
